id,name,email,city,age
1,Alice Johnson,alice.johnson@example.com,Beirut,29
2,Omar Hassan,omar.hassan@example.com,Tripoli,34
3,Maya Khoury,maya.khoury@example.com,Sidon,26
4,Daniel Smith,daniel.smith@example.com,Byblos,41
5,Sara Ahmed,sara.ahmed@example.com,Tyre,31
6,Karim Nassar,karim.nassar@example.com,Zahle,38
7,Lina Haddad,lina.haddad@example.com,Baalbek,24
8,James Wilson,james.wilson@example.com,Jounieh,45
9,Nour Saleh,nour.saleh@example.com,Aley,28
10,Rami Mansour,rami.mansour@example.com,Nabatieh,36
11,Emma Brown,emma.brown@example.com,Batroun,33
12,Youssef Ali,youssef.ali@example.com,Beirut,27
13,Lea Martin,lea.martin@example.com,Tripoli,39
14,Samir Daher,samir.daher@example.com,Sidon,42
15,Hana Farah,hana.farah@example.com,Byblos,30